subject_id,recording_id,file_path,file_size,channels,sampling_rate,duration,number_of_samples,status,error,processed,processing_time
S002,R01,D:\NeuroAgent\backend\data\raw\EEGc\S002\S002R01.edf,1275936,64,160.0,60.99,9760,VALID,,True,0.0
S002,R02,D:\NeuroAgent\backend\data\raw\EEGc\S002\S002R02.edf,1275936,64,160.0,60.99,9760,VALID,,True,0.0
S002,R03,D:\NeuroAgent\backend\data\raw\EEGc\S002\S002R03.edf,2555616,64,160.0,122.99,19680,VALID,,True,0.0
S002,R04,D:\NeuroAgent\backend\data\raw\EEGc\S002\S002R04.edf,2555616,64,160.0,122.99,19680,VALID,,True,0.0
S002,R05,D:\NeuroAgent\backend\data\raw\EEGc\S002\S002R05.edf,2555616,64,160.0,122.99,19680,VALID,,True,0.0
S002,R06,D:\NeuroAgent\backend\data\raw\EEGc\S002\S002R06.edf,2555616,64,160.0,122.99,19680,VALID,,True,0.0
S002,R07,D:\NeuroAgent\backend\data\raw\EEGc\S002\S002R07.edf,2555616,64,160.0,122.99,19680,VALID,,True,0.0
S002,R08,D:\NeuroAgent\backend\data\raw\EEGc\S002\S002R08.edf,2555616,64,160.0,122.99,19680,VALID,,True,0.0
S002,R09,D:\NeuroAgent\backend\data\raw\EEGc\S002\S002R09.edf,2555616,64,160.0,122.99,19680,VALID,,True,0.0
S002,R10,D:\NeuroAgent\backend\data\raw\EEGc\S002\S002R10.edf,2555616,64,160.0,122.99,19680,VALID,,True,0.0
S002,R11,D:\NeuroAgent\backend\data\raw\EEGc\S002\S002R11.edf,2555616,64,160.0,122.99,19680,VALID,,True,0.0
S002,R12,D:\NeuroAgent\backend\data\raw\EEGc\S002\S002R12.edf,2555616,64,160.0,122.99,19680,VALID,,True,0.0
S002,R13,D:\NeuroAgent\backend\data\raw\EEGc\S002\S002R13.edf,2555616,64,160.0,122.99,19680,VALID,,True,0.0
S002,R14,D:\NeuroAgent\backend\data\raw\EEGc\S002\S002R14.edf,2555616,64,160.0,122.99,19680,VALID,,True,0.0
S003,R01,D:\NeuroAgent\backend\data\raw\EEGc\S003\S003R01.edf,1275936,64,160.0,60.99,9760,VALID,,True,0.0
S003,R02,D:\NeuroAgent\backend\data\raw\EEGc\S003\S003R02.edf,1275936,64,160.0,60.99,9760,VALID,,True,0.0
S003,R03,D:\NeuroAgent\backend\data\raw\EEGc\S003\S003R03.edf,2596896,64,160.0,124.99,20000,VALID,,True,0.0
S003,R04,D:\NeuroAgent\backend\data\raw\EEGc\S003\S003R04.edf,2596896,64,160.0,124.99,20000,VALID,,True,0.0
S003,R05,D:\NeuroAgent\backend\data\raw\EEGc\S003\S003R05.edf,2596896,64,160.0,124.99,20000,VALID,,True,0.0
S003,R06,D:\NeuroAgent\backend\data\raw\EEGc\S003\S003R06.edf,2596896,64,160.0,124.99,20000,VALID,,True,0.0
S003,R07,D:\NeuroAgent\backend\data\raw\EEGc\S003\S003R07.edf,2596896,64,160.0,124.99,20000,VALID,,True,0.0
S003,R08,D:\NeuroAgent\backend\data\raw\EEGc\S003\S003R08.edf,2596896,64,160.0,124.99,20000,VALID,,True,0.0
S003,R09,D:\NeuroAgent\backend\data\raw\EEGc\S003\S003R09.edf,2596896,64,160.0,124.99,20000,VALID,,True,0.0
S003,R10,D:\NeuroAgent\backend\data\raw\EEGc\S003\S003R10.edf,2596896,64,160.0,124.99,20000,VALID,,True,0.0
S003,R11,D:\NeuroAgent\backend\data\raw\EEGc\S003\S003R11.edf,2596896,64,160.0,124.99,20000,VALID,,True,0.0
S003,R12,D:\NeuroAgent\backend\data\raw\EEGc\S003\S003R12.edf,2596896,64,160.0,124.99,20000,VALID,,True,0.0
S003,R13,D:\NeuroAgent\backend\data\raw\EEGc\S003\S003R13.edf,2596896,64,160.0,124.99,20000,VALID,,True,0.0
S003,R14,D:\NeuroAgent\backend\data\raw\EEGc\S003\S003R14.edf,2596896,64,160.0,124.99,20000,VALID,,True,0.0
S004,R01,D:\NeuroAgent\backend\data\raw\EEGc\S004\S004R01.edf,1275936,64,160.0,60.99,9760,VALID,,True,0.0
S004,R02,D:\NeuroAgent\backend\data\raw\EEGc\S004\S004R02.edf,1275936,64,160.0,60.99,9760,VALID,,True,0.0
S004,R03,D:\NeuroAgent\backend\data\raw\EEGc\S004\S004R03.edf,2555616,64,160.0,122.99,19680,VALID,,True,0.0
S004,R04,D:\NeuroAgent\backend\data\raw\EEGc\S004\S004R04.edf,2555616,64,160.0,122.99,19680,VALID,,True,0.0
S004,R05,D:\NeuroAgent\backend\data\raw\EEGc\S004\S004R05.edf,2555616,64,160.0,122.99,19680,VALID,,True,0.0
S004,R06,D:\NeuroAgent\backend\data\raw\EEGc\S004\S004R06.edf,2555616,64,160.0,122.99,19680,VALID,,True,0.0
S004,R07,D:\NeuroAgent\backend\data\raw\EEGc\S004\S004R07.edf,2555616,64,160.0,122.99,19680,VALID,,True,0.0
S004,R08,D:\NeuroAgent\backend\data\raw\EEGc\S004\S004R08.edf,2555616,64,160.0,122.99,19680,VALID,,True,0.0
S004,R09,D:\NeuroAgent\backend\data\raw\EEGc\S004\S004R09.edf,2555616,64,160.0,122.99,19680,VALID,,True,0.0
S004,R10,D:\NeuroAgent\backend\data\raw\EEGc\S004\S004R10.edf,2555616,64,160.0,122.99,19680,VALID,,True,0.0
S004,R11,D:\NeuroAgent\backend\data\raw\EEGc\S004\S004R11.edf,2555616,64,160.0,122.99,19680,VALID,,True,0.0
S004,R12,D:\NeuroAgent\backend\data\raw\EEGc\S004\S004R12.edf,2555616,64,160.0,122.99,19680,VALID,,True,0.0
S004,R13,D:\NeuroAgent\backend\data\raw\EEGc\S004\S004R13.edf,2555616,64,160.0,122.99,19680,VALID,,True,0.0
S004,R14,D:\NeuroAgent\backend\data\raw\EEGc\S004\S004R14.edf,2555616,64,160.0,122.99,19680,VALID,,True,0.0
S005,R01,D:\NeuroAgent\backend\data\raw\EEGc\S005\S005R01.edf,1275936,64,160.0,60.99,9760,VALID,,True,0.0
S005,R02,D:\NeuroAgent\backend\data\raw\EEGc\S005\S005R02.edf,1275936,64,160.0,60.99,9760,VALID,,True,0.0
S005,R03,D:\NeuroAgent\backend\data\raw\EEGc\S005\S005R03.edf,2555616,64,160.0,122.99,19680,VALID,,True,0.0
S005,R04,D:\NeuroAgent\backend\data\raw\EEGc\S005\S005R04.edf,2555616,64,160.0,122.99,19680,VALID,,True,0.0
S005,R05,D:\NeuroAgent\backend\data\raw\EEGc\S005\S005R05.edf,2555616,64,160.0,122.99,19680,VALID,,True,0.0
S005,R06,D:\NeuroAgent\backend\data\raw\EEGc\S005\S005R06.edf,2555616,64,160.0,122.99,19680,VALID,,True,0.0
S005,R07,D:\NeuroAgent\backend\data\raw\EEGc\S005\S005R07.edf,2555616,64,160.0,122.99,19680,VALID,,True,0.0
S005,R08,D:\NeuroAgent\backend\data\raw\EEGc\S005\S005R08.edf,2555616,64,160.0,122.99,19680,VALID,,True,0.0
S005,R09,D:\NeuroAgent\backend\data\raw\EEGc\S005\S005R09.edf,2555616,64,160.0,122.99,19680,VALID,,True,0.0
S005,R10,D:\NeuroAgent\backend\data\raw\EEGc\S005\S005R10.edf,2555616,64,160.0,122.99,19680,VALID,,True,0.0
S005,R11,D:\NeuroAgent\backend\data\raw\EEGc\S005\S005R11.edf,2555616,64,160.0,122.99,19680,VALID,,True,0.0
S005,R12,D:\NeuroAgent\backend\data\raw\EEGc\S005\S005R12.edf,2555616,64,160.0,122.99,19680,VALID,,True,0.0
S005,R13,D:\NeuroAgent\backend\data\raw\EEGc\S005\S005R13.edf,2555616,64,160.0,122.99,19680,VALID,,True,0.0
S005,R14,D:\NeuroAgent\backend\data\raw\EEGc\S005\S005R14.edf,2555616,64,160.0,122.99,19680,VALID,,True,0.0
S006,R01,D:\NeuroAgent\backend\data\raw\EEGc\S006\S006R01.edf,1275936,64,160.0,60.99,9760,VALID,,True,0.0
S006,R02,D:\NeuroAgent\backend\data\raw\EEGc\S006\S006R02.edf,1275936,64,160.0,60.99,9760,VALID,,True,0.0
S006,R03,D:\NeuroAgent\backend\data\raw\EEGc\S006\S006R03.edf,2555616,64,160.0,122.99,19680,VALID,,True,0.0
S006,R04,D:\NeuroAgent\backend\data\raw\EEGc\S006\S006R04.edf,2555616,64,160.0,122.99,19680,VALID,,True,0.0
S006,R05,D:\NeuroAgent\backend\data\raw\EEGc\S006\S006R05.edf,2555616,64,160.0,122.99,19680,VALID,,True,0.0
S006,R06,D:\NeuroAgent\backend\data\raw\EEGc\S006\S006R06.edf,2555616,64,160.0,122.99,19680,VALID,,True,0.0
S006,R07,D:\NeuroAgent\backend\data\raw\EEGc\S006\S006R07.edf,2555616,64,160.0,122.99,19680,VALID,,True,0.0
S006,R08,D:\NeuroAgent\backend\data\raw\EEGc\S006\S006R08.edf,2555616,64,160.0,122.99,19680,VALID,,True,0.0
S006,R09,D:\NeuroAgent\backend\data\raw\EEGc\S006\S006R09.edf,2555616,64,160.0,122.99,19680,VALID,,True,0.0
S006,R10,D:\NeuroAgent\backend\data\raw\EEGc\S006\S006R10.edf,2555616,64,160.0,122.99,19680,VALID,,True,0.0
S006,R11,D:\NeuroAgent\backend\data\raw\EEGc\S006\S006R11.edf,2555616,64,160.0,122.99,19680,VALID,,True,0.0
S006,R12,D:\NeuroAgent\backend\data\raw\EEGc\S006\S006R12.edf,2555616,64,160.0,122.99,19680,VALID,,True,0.0
S006,R13,D:\NeuroAgent\backend\data\raw\EEGc\S006\S006R13.edf,2555616,64,160.0,122.99,19680,VALID,,True,0.0
S006,R14,D:\NeuroAgent\backend\data\raw\EEGc\S006\S006R14.edf,2555616,64,160.0,122.99,19680,VALID,,True,0.0
S007,R01,D:\NeuroAgent\backend\data\raw\EEGc\S007\S007R01.edf,1275936,64,160.0,60.99,9760,VALID,,True,0.0
S007,R02,D:\NeuroAgent\backend\data\raw\EEGc\S007\S007R02.edf,1275936,64,160.0,60.99,9760,VALID,,True,0.0
S007,R03,D:\NeuroAgent\backend\data\raw\EEGc\S007\S007R03.edf,2596896,64,160.0,124.99,20000,VALID,,True,0.0
S007,R04,D:\NeuroAgent\backend\data\raw\EEGc\S007\S007R04.edf,2596896,64,160.0,124.99,20000,VALID,,True,0.0
S007,R05,D:\NeuroAgent\backend\data\raw\EEGc\S007\S007R05.edf,2596896,64,160.0,124.99,20000,VALID,,True,0.0
S007,R06,D:\NeuroAgent\backend\data\raw\EEGc\S007\S007R06.edf,2596896,64,160.0,124.99,20000,VALID,,True,0.0
S007,R07,D:\NeuroAgent\backend\data\raw\EEGc\S007\S007R07.edf,2596896,64,160.0,124.99,20000,VALID,,True,0.0
S007,R08,D:\NeuroAgent\backend\data\raw\EEGc\S007\S007R08.edf,2596896,64,160.0,124.99,20000,VALID,,True,0.0
S007,R09,D:\NeuroAgent\backend\data\raw\EEGc\S007\S007R09.edf,2596896,64,160.0,124.99,20000,VALID,,True,0.0
S007,R10,D:\NeuroAgent\backend\data\raw\EEGc\S007\S007R10.edf,2596896,64,160.0,124.99,20000,VALID,,True,0.0
S007,R11,D:\NeuroAgent\backend\data\raw\EEGc\S007\S007R11.edf,2596896,64,160.0,124.99,20000,VALID,,True,0.0
S007,R12,D:\NeuroAgent\backend\data\raw\EEGc\S007\S007R12.edf,2596896,64,160.0,124.99,20000,VALID,,True,0.0
S007,R13,D:\NeuroAgent\backend\data\raw\EEGc\S007\S007R13.edf,2596896,64,160.0,124.99,20000,VALID,,True,0.0
S007,R14,D:\NeuroAgent\backend\data\raw\EEGc\S007\S007R14.edf,2596896,64,160.0,124.99,20000,VALID,,True,0.0
S008,R01,D:\NeuroAgent\backend\data\raw\EEGc\S008\S008R01.edf,1275936,64,160.0,60.99,9760,VALID,,True,0.0
S008,R02,D:\NeuroAgent\backend\data\raw\EEGc\S008\S008R02.edf,1275936,64,160.0,60.99,9760,VALID,,True,0.0
S008,R03,D:\NeuroAgent\backend\data\raw\EEGc\S008\S008R03.edf,2555616,64,160.0,122.99,19680,VALID,,True,0.0
S008,R04,D:\NeuroAgent\backend\data\raw\EEGc\S008\S008R04.edf,2555616,64,160.0,122.99,19680,VALID,,True,0.0
S008,R05,D:\NeuroAgent\backend\data\raw\EEGc\S008\S008R05.edf,2555616,64,160.0,122.99,19680,VALID,,True,0.0
S008,R06,D:\NeuroAgent\backend\data\raw\EEGc\S008\S008R06.edf,2555616,64,160.0,122.99,19680,VALID,,True,0.0
S008,R07,D:\NeuroAgent\backend\data\raw\EEGc\S008\S008R07.edf,2555616,64,160.0,122.99,19680,VALID,,True,0.0
S008,R08,D:\NeuroAgent\backend\data\raw\EEGc\S008\S008R08.edf,2555616,64,160.0,122.99,19680,VALID,,True,0.0
S008,R09,D:\NeuroAgent\backend\data\raw\EEGc\S008\S008R09.edf,2555616,64,160.0,122.99,19680,VALID,,True,0.0
S008,R10,D:\NeuroAgent\backend\data\raw\EEGc\S008\S008R10.edf,2555616,64,160.0,122.99,19680,VALID,,True,0.0
S008,R11,D:\NeuroAgent\backend\data\raw\EEGc\S008\S008R11.edf,2555616,64,160.0,122.99,19680,VALID,,True,0.0
S008,R12,D:\NeuroAgent\backend\data\raw\EEGc\S008\S008R12.edf,2555616,64,160.0,122.99,19680,VALID,,True,0.0
S008,R13,D:\NeuroAgent\backend\data\raw\EEGc\S008\S008R13.edf,2555616,64,160.0,122.99,19680,VALID,,True,0.0
S008,R14,D:\NeuroAgent\backend\data\raw\EEGc\S008\S008R14.edf,2555616,64,160.0,122.99,19680,VALID,,True,0.0
S009,R01,D:\NeuroAgent\backend\data\raw\EEGc\S009\S009R01.edf,1275936,64,160.0,60.99,9760,VALID,,True,0.0
S009,R02,D:\NeuroAgent\backend\data\raw\EEGc\S009\S009R02.edf,1275936,64,160.0,60.99,9760,VALID,,True,0.0
S009,R03,D:\NeuroAgent\backend\data\raw\EEGc\S009\S009R03.edf,2555616,64,160.0,122.99,19680,VALID,,True,0.0
S009,R04,D:\NeuroAgent\backend\data\raw\EEGc\S009\S009R04.edf,2555616,64,160.0,122.99,19680,VALID,,True,0.0
S009,R05,D:\NeuroAgent\backend\data\raw\EEGc\S009\S009R05.edf,2555616,64,160.0,122.99,19680,VALID,,True,0.0
S009,R06,D:\NeuroAgent\backend\data\raw\EEGc\S009\S009R06.edf,2555616,64,160.0,122.99,19680,VALID,,True,0.0
S009,R07,D:\NeuroAgent\backend\data\raw\EEGc\S009\S009R07.edf,2555616,64,160.0,122.99,19680,VALID,,True,0.0
S009,R08,D:\NeuroAgent\backend\data\raw\EEGc\S009\S009R08.edf,2555616,64,160.0,122.99,19680,VALID,,True,0.0
S009,R09,D:\NeuroAgent\backend\data\raw\EEGc\S009\S009R09.edf,2555616,64,160.0,122.99,19680,VALID,,True,0.0
S009,R10,D:\NeuroAgent\backend\data\raw\EEGc\S009\S009R10.edf,2555616,64,160.0,122.99,19680,VALID,,True,0.0
S009,R11,D:\NeuroAgent\backend\data\raw\EEGc\S009\S009R11.edf,2555616,64,160.0,122.99,19680,VALID,,True,0.0
S009,R12,D:\NeuroAgent\backend\data\raw\EEGc\S009\S009R12.edf,2555616,64,160.0,122.99,19680,VALID,,True,0.0
S009,R13,D:\NeuroAgent\backend\data\raw\EEGc\S009\S009R13.edf,2555616,64,160.0,122.99,19680,VALID,,True,0.0
S009,R14,D:\NeuroAgent\backend\data\raw\EEGc\S009\S009R14.edf,2555616,64,160.0,122.99,19680,VALID,,True,0.0
S010,R01,D:\NeuroAgent\backend\data\raw\EEGc\S010\S010R01.edf,1275936,64,160.0,60.99,9760,VALID,,True,0.0
S010,R02,D:\NeuroAgent\backend\data\raw\EEGc\S010\S010R02.edf,1275936,64,160.0,60.99,9760,VALID,,True,0.0
S010,R03,D:\NeuroAgent\backend\data\raw\EEGc\S010\S010R03.edf,2555616,64,160.0,122.99,19680,VALID,,True,0.0
S010,R04,D:\NeuroAgent\backend\data\raw\EEGc\S010\S010R04.edf,2555616,64,160.0,122.99,19680,VALID,,True,0.0
S010,R05,D:\NeuroAgent\backend\data\raw\EEGc\S010\S010R05.edf,2555616,64,160.0,122.99,19680,VALID,,True,0.0
S010,R06,D:\NeuroAgent\backend\data\raw\EEGc\S010\S010R06.edf,2555616,64,160.0,122.99,19680,VALID,,True,0.0
S010,R07,D:\NeuroAgent\backend\data\raw\EEGc\S010\S010R07.edf,2555616,64,160.0,122.99,19680,VALID,,True,0.0
S010,R08,D:\NeuroAgent\backend\data\raw\EEGc\S010\S010R08.edf,2555616,64,160.0,122.99,19680,VALID,,True,0.0
S010,R09,D:\NeuroAgent\backend\data\raw\EEGc\S010\S010R09.edf,2555616,64,160.0,122.99,19680,VALID,,True,0.0
S010,R10,D:\NeuroAgent\backend\data\raw\EEGc\S010\S010R10.edf,2555616,64,160.0,122.99,19680,VALID,,True,0.0
S010,R11,D:\NeuroAgent\backend\data\raw\EEGc\S010\S010R11.edf,2555616,64,160.0,122.99,19680,VALID,,True,0.0
S010,R12,D:\NeuroAgent\backend\data\raw\EEGc\S010\S010R12.edf,2555616,64,160.0,122.99,19680,VALID,,True,0.0
S010,R13,D:\NeuroAgent\backend\data\raw\EEGc\S010\S010R13.edf,2555616,64,160.0,122.99,19680,VALID,,True,0.0
S010,R14,D:\NeuroAgent\backend\data\raw\EEGc\S010\S010R14.edf,2555616,64,160.0,122.99,19680,VALID,,True,0.0
S011,R01,D:\NeuroAgent\backend\data\raw\EEGc\S011\S011R01.edf,1275936,64,160.0,60.99,9760,VALID,,True,0.0
S011,R02,D:\NeuroAgent\backend\data\raw\EEGc\S011\S011R02.edf,1275936,64,160.0,60.99,9760,VALID,,True,0.0
S011,R03,D:\NeuroAgent\backend\data\raw\EEGc\S011\S011R03.edf,2555616,64,160.0,122.99,19680,VALID,,True,0.0
S011,R04,D:\NeuroAgent\backend\data\raw\EEGc\S011\S011R04.edf,2555616,64,160.0,122.99,19680,VALID,,True,0.0
S011,R05,D:\NeuroAgent\backend\data\raw\EEGc\S011\S011R05.edf,2555616,64,160.0,122.99,19680,VALID,,True,0.0
S011,R06,D:\NeuroAgent\backend\data\raw\EEGc\S011\S011R06.edf,2555616,64,160.0,122.99,19680,VALID,,True,0.0
S011,R07,D:\NeuroAgent\backend\data\raw\EEGc\S011\S011R07.edf,2555616,64,160.0,122.99,19680,VALID,,True,0.0
S011,R08,D:\NeuroAgent\backend\data\raw\EEGc\S011\S011R08.edf,2555616,64,160.0,122.99,19680,VALID,,True,0.0
S011,R09,D:\NeuroAgent\backend\data\raw\EEGc\S011\S011R09.edf,2555616,64,160.0,122.99,19680,VALID,,True,0.0
S011,R10,D:\NeuroAgent\backend\data\raw\EEGc\S011\S011R10.edf,2555616,64,160.0,122.99,19680,VALID,,True,0.0
S011,R11,D:\NeuroAgent\backend\data\raw\EEGc\S011\S011R11.edf,2555616,64,160.0,122.99,19680,VALID,,True,0.0
S011,R12,D:\NeuroAgent\backend\data\raw\EEGc\S011\S011R12.edf,2555616,64,160.0,122.99,19680,VALID,,True,0.0
S011,R13,D:\NeuroAgent\backend\data\raw\EEGc\S011\S011R13.edf,2555616,64,160.0,122.99,19680,VALID,,True,0.0
S011,R14,D:\NeuroAgent\backend\data\raw\EEGc\S011\S011R14.edf,2555616,64,160.0,122.99,19680,VALID,,True,0.0
S018,R01,D:\NeuroAgent\backend\data\raw\EEGc\S018\S018R01.edf,1275936,64,160.0,60.99,9760,VALID,,True,0.0
S018,R02,D:\NeuroAgent\backend\data\raw\EEGc\S018\S018R02.edf,1275936,64,160.0,60.99,9760,VALID,,True,0.0
S018,R03,D:\NeuroAgent\backend\data\raw\EEGc\S018\S018R03.edf,2555616,64,160.0,122.99,19680,VALID,,True,0.0
S018,R04,D:\NeuroAgent\backend\data\raw\EEGc\S018\S018R04.edf,2555616,64,160.0,122.99,19680,VALID,,True,0.0
S018,R05,D:\NeuroAgent\backend\data\raw\EEGc\S018\S018R05.edf,2555616,64,160.0,122.99,19680,VALID,,True,0.0
S018,R06,D:\NeuroAgent\backend\data\raw\EEGc\S018\S018R06.edf,2555616,64,160.0,122.99,19680,VALID,,True,0.0
S018,R07,D:\NeuroAgent\backend\data\raw\EEGc\S018\S018R07.edf,2555616,64,160.0,122.99,19680,VALID,,True,0.0
S018,R08,D:\NeuroAgent\backend\data\raw\EEGc\S018\S018R08.edf,2555616,64,160.0,122.99,19680,VALID,,True,0.0
S018,R09,D:\NeuroAgent\backend\data\raw\EEGc\S018\S018R09.edf,2555616,64,160.0,122.99,19680,VALID,,True,0.0
S018,R10,D:\NeuroAgent\backend\data\raw\EEGc\S018\S018R10.edf,2555616,64,160.0,122.99,19680,VALID,,True,0.0
S018,R11,D:\NeuroAgent\backend\data\raw\EEGc\S018\S018R11.edf,2555616,64,160.0,122.99,19680,VALID,,True,0.0
S018,R12,D:\NeuroAgent\backend\data\raw\EEGc\S018\S018R12.edf,2555616,64,160.0,122.99,19680,VALID,,True,0.0
S018,R13,D:\NeuroAgent\backend\data\raw\EEGc\S018\S018R13.edf,2555616,64,160.0,122.99,19680,VALID,,True,0.0
S018,R14,D:\NeuroAgent\backend\data\raw\EEGc\S018\S018R14.edf,2555616,64,160.0,122.99,19680,VALID,,True,0.0
S019,R01,D:\NeuroAgent\backend\data\raw\EEGc\S019\S019R01.edf,1275936,64,160.0,60.99,9760,VALID,,True,0.0
S019,R02,D:\NeuroAgent\backend\data\raw\EEGc\S019\S019R02.edf,1275936,64,160.0,60.99,9760,VALID,,True,0.0
S019,R03,D:\NeuroAgent\backend\data\raw\EEGc\S019\S019R03.edf,2555616,64,160.0,122.99,19680,VALID,,True,0.0
S019,R04,D:\NeuroAgent\backend\data\raw\EEGc\S019\S019R04.edf,2555616,64,160.0,122.99,19680,VALID,,True,0.0
S019,R05,D:\NeuroAgent\backend\data\raw\EEGc\S019\S019R05.edf,2555616,64,160.0,122.99,19680,VALID,,True,0.0
S019,R06,D:\NeuroAgent\backend\data\raw\EEGc\S019\S019R06.edf,2555616,64,160.0,122.99,19680,VALID,,True,0.0
S019,R07,D:\NeuroAgent\backend\data\raw\EEGc\S019\S019R07.edf,2555616,64,160.0,122.99,19680,VALID,,True,0.0
S019,R08,D:\NeuroAgent\backend\data\raw\EEGc\S019\S019R08.edf,2555616,64,160.0,122.99,19680,VALID,,True,0.0
S019,R09,D:\NeuroAgent\backend\data\raw\EEGc\S019\S019R09.edf,2555616,64,160.0,122.99,19680,VALID,,True,0.0
S019,R10,D:\NeuroAgent\backend\data\raw\EEGc\S019\S019R10.edf,2555616,64,160.0,122.99,19680,VALID,,True,0.0
S019,R11,D:\NeuroAgent\backend\data\raw\EEGc\S019\S019R11.edf,2555616,64,160.0,122.99,19680,VALID,,True,0.0
S019,R12,D:\NeuroAgent\backend\data\raw\EEGc\S019\S019R12.edf,2555616,64,160.0,122.99,19680,VALID,,True,0.0
S019,R13,D:\NeuroAgent\backend\data\raw\EEGc\S019\S019R13.edf,2555616,64,160.0,122.99,19680,VALID,,True,0.0
S019,R14,D:\NeuroAgent\backend\data\raw\EEGc\S019\S019R14.edf,2555616,64,160.0,122.99,19680,VALID,,True,0.0
S020,R01,D:\NeuroAgent\backend\data\raw\EEGc\S020\S020R01.edf,1275936,64,160.0,60.99,9760,VALID,,True,0.0
S020,R02,D:\NeuroAgent\backend\data\raw\EEGc\S020\S020R02.edf,1275936,64,160.0,60.99,9760,VALID,,True,0.0
S020,R03,D:\NeuroAgent\backend\data\raw\EEGc\S020\S020R03.edf,2555616,64,160.0,122.99,19680,VALID,,True,0.0
S020,R04,D:\NeuroAgent\backend\data\raw\EEGc\S020\S020R04.edf,2555616,64,160.0,122.99,19680,VALID,,True,0.0
S020,R05,D:\NeuroAgent\backend\data\raw\EEGc\S020\S020R05.edf,2555616,64,160.0,122.99,19680,VALID,,True,0.0
S020,R06,D:\NeuroAgent\backend\data\raw\EEGc\S020\S020R06.edf,2555616,64,160.0,122.99,19680,VALID,,True,0.0
S020,R07,D:\NeuroAgent\backend\data\raw\EEGc\S020\S020R07.edf,2555616,64,160.0,122.99,19680,VALID,,True,0.0
S020,R08,D:\NeuroAgent\backend\data\raw\EEGc\S020\S020R08.edf,2555616,64,160.0,122.99,19680,VALID,,True,0.0
S020,R09,D:\NeuroAgent\backend\data\raw\EEGc\S020\S020R09.edf,2555616,64,160.0,122.99,19680,VALID,,True,0.0
S020,R10,D:\NeuroAgent\backend\data\raw\EEGc\S020\S020R10.edf,2555616,64,160.0,122.99,19680,VALID,,True,0.0
S020,R11,D:\NeuroAgent\backend\data\raw\EEGc\S020\S020R11.edf,2555616,64,160.0,122.99,19680,VALID,,True,0.0
S020,R12,D:\NeuroAgent\backend\data\raw\EEGc\S020\S020R12.edf,2555616,64,160.0,122.99,19680,VALID,,True,0.0
S020,R13,D:\NeuroAgent\backend\data\raw\EEGc\S020\S020R13.edf,2555616,64,160.0,122.99,19680,VALID,,True,0.0
S020,R14,D:\NeuroAgent\backend\data\raw\EEGc\S020\S020R14.edf,2555616,64,160.0,122.99,19680,VALID,,True,0.0
S021,R01,D:\NeuroAgent\backend\data\raw\EEGc\S021\S021R01.edf,1275936,64,160.0,60.99,9760,VALID,,True,0.0
S021,R02,D:\NeuroAgent\backend\data\raw\EEGc\S021\S021R02.edf,1275936,64,160.0,60.99,9760,VALID,,True,0.0
S021,R03,D:\NeuroAgent\backend\data\raw\EEGc\S021\S021R03.edf,2596896,64,160.0,124.99,20000,VALID,,True,0.0
S021,R04,D:\NeuroAgent\backend\data\raw\EEGc\S021\S021R04.edf,2596896,64,160.0,124.99,20000,VALID,,True,0.0
S021,R05,D:\NeuroAgent\backend\data\raw\EEGc\S021\S021R05.edf,2596896,64,160.0,124.99,20000,VALID,,True,0.0
S021,R06,D:\NeuroAgent\backend\data\raw\EEGc\S021\S021R06.edf,2596896,64,160.0,124.99,20000,VALID,,True,0.0
S021,R07,D:\NeuroAgent\backend\data\raw\EEGc\S021\S021R07.edf,2596896,64,160.0,124.99,20000,VALID,,True,0.0
S021,R08,D:\NeuroAgent\backend\data\raw\EEGc\S021\S021R08.edf,2596896,64,160.0,124.99,20000,VALID,,True,0.0
S021,R09,D:\NeuroAgent\backend\data\raw\EEGc\S021\S021R09.edf,2596896,64,160.0,124.99,20000,VALID,,True,0.0
S021,R10,D:\NeuroAgent\backend\data\raw\EEGc\S021\S021R10.edf,2596896,64,160.0,124.99,20000,VALID,,True,0.0
S021,R11,D:\NeuroAgent\backend\data\raw\EEGc\S021\S021R11.edf,2596896,64,160.0,124.99,20000,VALID,,True,0.0
S021,R12,D:\NeuroAgent\backend\data\raw\EEGc\S021\S021R12.edf,2596896,64,160.0,124.99,20000,VALID,,True,0.0
S021,R13,D:\NeuroAgent\backend\data\raw\EEGc\S021\S021R13.edf,2596896,64,160.0,124.99,20000,VALID,,True,0.0
S021,R14,D:\NeuroAgent\backend\data\raw\EEGc\S021\S021R14.edf,2596896,64,160.0,124.99,20000,VALID,,True,0.0
S022,R01,D:\NeuroAgent\backend\data\raw\EEGc\S022\S022R01.edf,1275936,64,160.0,60.99,9760,VALID,,True,0.0
S022,R02,D:\NeuroAgent\backend\data\raw\EEGc\S022\S022R02.edf,1275936,64,160.0,60.99,9760,VALID,,True,0.0
S022,R03,D:\NeuroAgent\backend\data\raw\EEGc\S022\S022R03.edf,2596896,64,160.0,124.99,20000,VALID,,True,0.0
S022,R04,D:\NeuroAgent\backend\data\raw\EEGc\S022\S022R04.edf,2596896,64,160.0,124.99,20000,VALID,,True,0.0
S022,R05,D:\NeuroAgent\backend\data\raw\EEGc\S022\S022R05.edf,2596896,64,160.0,124.99,20000,VALID,,True,0.0
S022,R06,D:\NeuroAgent\backend\data\raw\EEGc\S022\S022R06.edf,2596896,64,160.0,124.99,20000,VALID,,True,0.0
S022,R07,D:\NeuroAgent\backend\data\raw\EEGc\S022\S022R07.edf,2596896,64,160.0,124.99,20000,VALID,,True,0.0
S022,R08,D:\NeuroAgent\backend\data\raw\EEGc\S022\S022R08.edf,2596896,64,160.0,124.99,20000,VALID,,True,0.0
S022,R09,D:\NeuroAgent\backend\data\raw\EEGc\S022\S022R09.edf,2596896,64,160.0,124.99,20000,VALID,,True,0.0
S022,R10,D:\NeuroAgent\backend\data\raw\EEGc\S022\S022R10.edf,2596896,64,160.0,124.99,20000,VALID,,True,0.0
S022,R11,D:\NeuroAgent\backend\data\raw\EEGc\S022\S022R11.edf,2596896,64,160.0,124.99,20000,VALID,,True,0.0
S022,R12,D:\NeuroAgent\backend\data\raw\EEGc\S022\S022R12.edf,2596896,64,160.0,124.99,20000,VALID,,True,0.0
S022,R13,D:\NeuroAgent\backend\data\raw\EEGc\S022\S022R13.edf,2596896,64,160.0,124.99,20000,VALID,,True,0.0
S022,R14,D:\NeuroAgent\backend\data\raw\EEGc\S022\S022R14.edf,2596896,64,160.0,124.99,20000,VALID,,True,0.0
S023,R01,D:\NeuroAgent\backend\data\raw\EEGc\S023\S023R01.edf,1275936,64,160.0,60.99,9760,VALID,,True,0.0
S023,R02,D:\NeuroAgent\backend\data\raw\EEGc\S023\S023R02.edf,1275936,64,160.0,60.99,9760,VALID,,True,0.0
S023,R03,D:\NeuroAgent\backend\data\raw\EEGc\S023\S023R03.edf,2555616,64,160.0,122.99,19680,VALID,,True,0.0
S023,R04,D:\NeuroAgent\backend\data\raw\EEGc\S023\S023R04.edf,2555616,64,160.0,122.99,19680,VALID,,True,0.0
S023,R05,D:\NeuroAgent\backend\data\raw\EEGc\S023\S023R05.edf,2555616,64,160.0,122.99,19680,VALID,,True,0.0
S023,R06,D:\NeuroAgent\backend\data\raw\EEGc\S023\S023R06.edf,2555616,64,160.0,122.99,19680,VALID,,True,0.0
S023,R07,D:\NeuroAgent\backend\data\raw\EEGc\S023\S023R07.edf,2555616,64,160.0,122.99,19680,VALID,,True,0.0
S023,R08,D:\NeuroAgent\backend\data\raw\EEGc\S023\S023R08.edf,2555616,64,160.0,122.99,19680,VALID,,True,0.0
S023,R09,D:\NeuroAgent\backend\data\raw\EEGc\S023\S023R09.edf,2555616,64,160.0,122.99,19680,VALID,,True,0.0
S023,R10,D:\NeuroAgent\backend\data\raw\EEGc\S023\S023R10.edf,2555616,64,160.0,122.99,19680,VALID,,True,0.0
S023,R11,D:\NeuroAgent\backend\data\raw\EEGc\S023\S023R11.edf,2555616,64,160.0,122.99,19680,VALID,,True,0.0
S023,R12,D:\NeuroAgent\backend\data\raw\EEGc\S023\S023R12.edf,2555616,64,160.0,122.99,19680,VALID,,True,0.0
S023,R13,D:\NeuroAgent\backend\data\raw\EEGc\S023\S023R13.edf,2555616,64,160.0,122.99,19680,VALID,,True,0.0
S023,R14,D:\NeuroAgent\backend\data\raw\EEGc\S023\S023R14.edf,2555616,64,160.0,122.99,19680,VALID,,True,0.0
S024,R01,D:\NeuroAgent\backend\data\raw\EEGc\S024\S024R01.edf,1275936,64,160.0,60.99,9760,VALID,,True,0.0
S024,R02,D:\NeuroAgent\backend\data\raw\EEGc\S024\S024R02.edf,1275936,64,160.0,60.99,9760,VALID,,True,0.0
S024,R03,D:\NeuroAgent\backend\data\raw\EEGc\S024\S024R03.edf,2555616,64,160.0,122.99,19680,VALID,,True,0.0
S024,R04,D:\NeuroAgent\backend\data\raw\EEGc\S024\S024R04.edf,2555616,64,160.0,122.99,19680,VALID,,True,0.0
S024,R05,D:\NeuroAgent\backend\data\raw\EEGc\S024\S024R05.edf,2555616,64,160.0,122.99,19680,VALID,,True,0.0
S024,R06,D:\NeuroAgent\backend\data\raw\EEGc\S024\S024R06.edf,2555616,64,160.0,122.99,19680,VALID,,True,0.0
S024,R07,D:\NeuroAgent\backend\data\raw\EEGc\S024\S024R07.edf,2555616,64,160.0,122.99,19680,VALID,,True,0.0
S024,R08,D:\NeuroAgent\backend\data\raw\EEGc\S024\S024R08.edf,2555616,64,160.0,122.99,19680,VALID,,True,0.0
S024,R09,D:\NeuroAgent\backend\data\raw\EEGc\S024\S024R09.edf,2555616,64,160.0,122.99,19680,VALID,,True,0.0
S024,R10,D:\NeuroAgent\backend\data\raw\EEGc\S024\S024R10.edf,2555616,64,160.0,122.99,19680,VALID,,True,0.0
S024,R11,D:\NeuroAgent\backend\data\raw\EEGc\S024\S024R11.edf,2555616,64,160.0,122.99,19680,VALID,,True,0.0
S024,R12,D:\NeuroAgent\backend\data\raw\EEGc\S024\S024R12.edf,2555616,64,160.0,122.99,19680,VALID,,True,0.0
S024,R13,D:\NeuroAgent\backend\data\raw\EEGc\S024\S024R13.edf,2555616,64,160.0,122.99,19680,VALID,,True,0.0
S024,R14,D:\NeuroAgent\backend\data\raw\EEGc\S024\S024R14.edf,2555616,64,160.0,122.99,19680,VALID,,True,0.0
S025,R01,D:\NeuroAgent\backend\data\raw\EEGc\S025\S025R01.edf,1275936,64,160.0,60.99,9760,VALID,,True,0.0
S025,R02,D:\NeuroAgent\backend\data\raw\EEGc\S025\S025R02.edf,1275936,64,160.0,60.99,9760,VALID,,True,0.0
S025,R03,D:\NeuroAgent\backend\data\raw\EEGc\S025\S025R03.edf,2555616,64,160.0,122.99,19680,VALID,,True,0.0
S025,R04,D:\NeuroAgent\backend\data\raw\EEGc\S025\S025R04.edf,2555616,64,160.0,122.99,19680,VALID,,True,0.0
S025,R05,D:\NeuroAgent\backend\data\raw\EEGc\S025\S025R05.edf,2555616,64,160.0,122.99,19680,VALID,,True,0.0
S025,R06,D:\NeuroAgent\backend\data\raw\EEGc\S025\S025R06.edf,2555616,64,160.0,122.99,19680,VALID,,True,0.0
S025,R07,D:\NeuroAgent\backend\data\raw\EEGc\S025\S025R07.edf,2555616,64,160.0,122.99,19680,VALID,,True,0.0
S025,R08,D:\NeuroAgent\backend\data\raw\EEGc\S025\S025R08.edf,2555616,64,160.0,122.99,19680,VALID,,True,0.0
S025,R09,D:\NeuroAgent\backend\data\raw\EEGc\S025\S025R09.edf,2555616,64,160.0,122.99,19680,VALID,,True,0.0
S025,R10,D:\NeuroAgent\backend\data\raw\EEGc\S025\S025R10.edf,2555616,64,160.0,122.99,19680,VALID,,True,0.0
S025,R11,D:\NeuroAgent\backend\data\raw\EEGc\S025\S025R11.edf,2555616,64,160.0,122.99,19680,VALID,,True,0.0
S025,R12,D:\NeuroAgent\backend\data\raw\EEGc\S025\S025R12.edf,2555616,64,160.0,122.99,19680,VALID,,True,0.0
S025,R13,D:\NeuroAgent\backend\data\raw\EEGc\S025\S025R13.edf,2555616,64,160.0,122.99,19680,VALID,,True,0.0
S025,R14,D:\NeuroAgent\backend\data\raw\EEGc\S025\S025R14.edf,2555616,64,160.0,122.99,19680,VALID,,True,0.0
S026,R01,D:\NeuroAgent\backend\data\raw\EEGc\S026\S026R01.edf,1275936,64,160.0,60.99,9760,VALID,,True,0.0
S026,R02,D:\NeuroAgent\backend\data\raw\EEGc\S026\S026R02.edf,1275936,64,160.0,60.99,9760,VALID,,True,0.0
S026,R03,D:\NeuroAgent\backend\data\raw\EEGc\S026\S026R03.edf,2555616,64,160.0,122.99,19680,VALID,,True,0.0
S026,R04,D:\NeuroAgent\backend\data\raw\EEGc\S026\S026R04.edf,2555616,64,160.0,122.99,19680,VALID,,True,0.0
S026,R05,D:\NeuroAgent\backend\data\raw\EEGc\S026\S026R05.edf,2555616,64,160.0,122.99,19680,VALID,,True,0.0
S026,R06,D:\NeuroAgent\backend\data\raw\EEGc\S026\S026R06.edf,2555616,64,160.0,122.99,19680,VALID,,True,0.0
S026,R07,D:\NeuroAgent\backend\data\raw\EEGc\S026\S026R07.edf,2555616,64,160.0,122.99,19680,VALID,,True,0.0
S026,R08,D:\NeuroAgent\backend\data\raw\EEGc\S026\S026R08.edf,2555616,64,160.0,122.99,19680,VALID,,True,0.0
S026,R09,D:\NeuroAgent\backend\data\raw\EEGc\S026\S026R09.edf,2555616,64,160.0,122.99,19680,VALID,,True,0.0
S026,R10,D:\NeuroAgent\backend\data\raw\EEGc\S026\S026R10.edf,2555616,64,160.0,122.99,19680,VALID,,True,0.0
S026,R11,D:\NeuroAgent\backend\data\raw\EEGc\S026\S026R11.edf,2555616,64,160.0,122.99,19680,VALID,,True,0.0
S026,R12,D:\NeuroAgent\backend\data\raw\EEGc\S026\S026R12.edf,2555616,64,160.0,122.99,19680,VALID,,True,0.0
S026,R13,D:\NeuroAgent\backend\data\raw\EEGc\S026\S026R13.edf,2555616,64,160.0,122.99,19680,VALID,,True,0.0
S026,R14,D:\NeuroAgent\backend\data\raw\EEGc\S026\S026R14.edf,2555616,64,160.0,122.99,19680,VALID,,True,0.0
S027,R01,D:\NeuroAgent\backend\data\raw\EEGc\S027\S027R01.edf,1275936,64,160.0,60.99,9760,VALID,,True,0.0
S027,R02,D:\NeuroAgent\backend\data\raw\EEGc\S027\S027R02.edf,1275936,64,160.0,60.99,9760,VALID,,True,0.0
S027,R03,D:\NeuroAgent\backend\data\raw\EEGc\S027\S027R03.edf,2555616,64,160.0,122.99,19680,VALID,,True,0.0
S027,R04,D:\NeuroAgent\backend\data\raw\EEGc\S027\S027R04.edf,2555616,64,160.0,122.99,19680,VALID,,True,0.0
S027,R05,D:\NeuroAgent\backend\data\raw\EEGc\S027\S027R05.edf,2555616,64,160.0,122.99,19680,VALID,,True,0.0
S027,R06,D:\NeuroAgent\backend\data\raw\EEGc\S027\S027R06.edf,2555616,64,160.0,122.99,19680,VALID,,True,0.0
S027,R07,D:\NeuroAgent\backend\data\raw\EEGc\S027\S027R07.edf,2555616,64,160.0,122.99,19680,VALID,,True,0.0
S027,R08,D:\NeuroAgent\backend\data\raw\EEGc\S027\S027R08.edf,2555616,64,160.0,122.99,19680,VALID,,True,0.0
S027,R09,D:\NeuroAgent\backend\data\raw\EEGc\S027\S027R09.edf,2555616,64,160.0,122.99,19680,VALID,,True,0.0
S027,R10,D:\NeuroAgent\backend\data\raw\EEGc\S027\S027R10.edf,2555616,64,160.0,122.99,19680,VALID,,True,0.0
S027,R11,D:\NeuroAgent\backend\data\raw\EEGc\S027\S027R11.edf,2555616,64,160.0,122.99,19680,VALID,,True,0.0
S027,R12,D:\NeuroAgent\backend\data\raw\EEGc\S027\S027R12.edf,2555616,64,160.0,122.99,19680,VALID,,True,0.0
S027,R13,D:\NeuroAgent\backend\data\raw\EEGc\S027\S027R13.edf,2555616,64,160.0,122.99,19680,VALID,,True,0.0
S027,R14,D:\NeuroAgent\backend\data\raw\EEGc\S027\S027R14.edf,2555616,64,160.0,122.99,19680,VALID,,True,0.0
S028,R01,D:\NeuroAgent\backend\data\raw\EEGc\S028\S028R01.edf,1275936,64,160.0,60.99,9760,VALID,,True,0.0
S028,R02,D:\NeuroAgent\backend\data\raw\EEGc\S028\S028R02.edf,1275936,64,160.0,60.99,9760,VALID,,True,0.0
S028,R03,D:\NeuroAgent\backend\data\raw\EEGc\S028\S028R03.edf,2555616,64,160.0,122.99,19680,VALID,,True,0.0
S028,R04,D:\NeuroAgent\backend\data\raw\EEGc\S028\S028R04.edf,2555616,64,160.0,122.99,19680,VALID,,True,0.0
S028,R05,D:\NeuroAgent\backend\data\raw\EEGc\S028\S028R05.edf,2555616,64,160.0,122.99,19680,VALID,,True,0.0
S028,R06,D:\NeuroAgent\backend\data\raw\EEGc\S028\S028R06.edf,2555616,64,160.0,122.99,19680,VALID,,True,0.0
S028,R07,D:\NeuroAgent\backend\data\raw\EEGc\S028\S028R07.edf,2555616,64,160.0,122.99,19680,VALID,,True,0.0
S028,R08,D:\NeuroAgent\backend\data\raw\EEGc\S028\S028R08.edf,2555616,64,160.0,122.99,19680,VALID,,True,0.0
S028,R09,D:\NeuroAgent\backend\data\raw\EEGc\S028\S028R09.edf,2555616,64,160.0,122.99,19680,VALID,,True,0.0
S028,R10,D:\NeuroAgent\backend\data\raw\EEGc\S028\S028R10.edf,2555616,64,160.0,122.99,19680,VALID,,True,0.0
S028,R11,D:\NeuroAgent\backend\data\raw\EEGc\S028\S028R11.edf,2555616,64,160.0,122.99,19680,VALID,,True,0.0
S028,R12,D:\NeuroAgent\backend\data\raw\EEGc\S028\S028R12.edf,2555616,64,160.0,122.99,19680,VALID,,True,0.0
S028,R13,D:\NeuroAgent\backend\data\raw\EEGc\S028\S028R13.edf,2555616,64,160.0,122.99,19680,VALID,,True,0.0
S028,R14,D:\NeuroAgent\backend\data\raw\EEGc\S028\S028R14.edf,2555616,64,160.0,122.99,19680,VALID,,True,0.0
S029,R01,D:\NeuroAgent\backend\data\raw\EEGc\S029\S029R01.edf,1275936,64,160.0,60.99,9760,VALID,,True,0.0
S029,R02,D:\NeuroAgent\backend\data\raw\EEGc\S029\S029R02.edf,1275936,64,160.0,60.99,9760,VALID,,True,0.0
S029,R03,D:\NeuroAgent\backend\data\raw\EEGc\S029\S029R03.edf,2576256,64,160.0,123.99,19840,VALID,,True,0.0
S029,R04,D:\NeuroAgent\backend\data\raw\EEGc\S029\S029R04.edf,2576256,64,160.0,123.99,19840,VALID,,True,0.0
S029,R05,D:\NeuroAgent\backend\data\raw\EEGc\S029\S029R05.edf,2576256,64,160.0,123.99,19840,VALID,,True,0.0
S029,R06,D:\NeuroAgent\backend\data\raw\EEGc\S029\S029R06.edf,2576256,64,160.0,123.99,19840,VALID,,True,0.0
S029,R07,D:\NeuroAgent\backend\data\raw\EEGc\S029\S029R07.edf,2576256,64,160.0,123.99,19840,VALID,,True,0.0
S029,R08,D:\NeuroAgent\backend\data\raw\EEGc\S029\S029R08.edf,2576256,64,160.0,123.99,19840,VALID,,True,0.0
S029,R09,D:\NeuroAgent\backend\data\raw\EEGc\S029\S029R09.edf,2576256,64,160.0,123.99,19840,VALID,,True,0.0
S029,R10,D:\NeuroAgent\backend\data\raw\EEGc\S029\S029R10.edf,2576256,64,160.0,123.99,19840,VALID,,True,0.0
S029,R11,D:\NeuroAgent\backend\data\raw\EEGc\S029\S029R11.edf,2576256,64,160.0,123.99,19840,VALID,,True,0.0
S029,R12,D:\NeuroAgent\backend\data\raw\EEGc\S029\S029R12.edf,2576256,64,160.0,123.99,19840,VALID,,True,0.0
S029,R13,D:\NeuroAgent\backend\data\raw\EEGc\S029\S029R13.edf,2576256,64,160.0,123.99,19840,VALID,,True,0.0
S029,R14,D:\NeuroAgent\backend\data\raw\EEGc\S029\S029R14.edf,2576256,64,160.0,123.99,19840,VALID,,True,0.0
S030,R01,D:\NeuroAgent\backend\data\raw\EEGc\S030\S030R01.edf,1275936,64,160.0,60.99,9760,VALID,,True,0.0
S030,R02,D:\NeuroAgent\backend\data\raw\EEGc\S030\S030R02.edf,1275936,64,160.0,60.99,9760,VALID,,True,0.0
S030,R03,D:\NeuroAgent\backend\data\raw\EEGc\S030\S030R03.edf,2576256,64,160.0,123.99,19840,VALID,,True,0.0
S030,R04,D:\NeuroAgent\backend\data\raw\EEGc\S030\S030R04.edf,2576256,64,160.0,123.99,19840,VALID,,True,0.0
S030,R05,D:\NeuroAgent\backend\data\raw\EEGc\S030\S030R05.edf,2576256,64,160.0,123.99,19840,VALID,,True,0.0
S030,R06,D:\NeuroAgent\backend\data\raw\EEGc\S030\S030R06.edf,2576256,64,160.0,123.99,19840,VALID,,True,0.0
S030,R07,D:\NeuroAgent\backend\data\raw\EEGc\S030\S030R07.edf,2576256,64,160.0,123.99,19840,VALID,,True,0.0
S030,R08,D:\NeuroAgent\backend\data\raw\EEGc\S030\S030R08.edf,2576256,64,160.0,123.99,19840,VALID,,True,0.0
S030,R09,D:\NeuroAgent\backend\data\raw\EEGc\S030\S030R09.edf,2576256,64,160.0,123.99,19840,VALID,,True,0.0
S030,R10,D:\NeuroAgent\backend\data\raw\EEGc\S030\S030R10.edf,2576256,64,160.0,123.99,19840,VALID,,True,0.0
S030,R11,D:\NeuroAgent\backend\data\raw\EEGc\S030\S030R11.edf,2576256,64,160.0,123.99,19840,VALID,,True,0.0
S030,R12,D:\NeuroAgent\backend\data\raw\EEGc\S030\S030R12.edf,2576256,64,160.0,123.99,19840,VALID,,True,0.0
S030,R13,D:\NeuroAgent\backend\data\raw\EEGc\S030\S030R13.edf,2576256,64,160.0,123.99,19840,VALID,,True,0.0
S030,R14,D:\NeuroAgent\backend\data\raw\EEGc\S030\S030R14.edf,2576256,64,160.0,123.99,19840,VALID,,False,0.0
S031,R01,D:\NeuroAgent\backend\data\raw\EEGc\S031\S031R01.edf,1275936,64,160.0,60.99,9760,VALID,,False,0.0
S031,R02,D:\NeuroAgent\backend\data\raw\EEGc\S031\S031R02.edf,1275936,64,160.0,60.99,9760,VALID,,False,0.0
S031,R03,D:\NeuroAgent\backend\data\raw\EEGc\S031\S031R03.edf,2555616,64,160.0,122.99,19680,VALID,,False,0.0
S031,R04,D:\NeuroAgent\backend\data\raw\EEGc\S031\S031R04.edf,2555616,64,160.0,122.99,19680,VALID,,False,0.0
S031,R05,D:\NeuroAgent\backend\data\raw\EEGc\S031\S031R05.edf,2555616,64,160.0,122.99,19680,VALID,,False,0.0
S031,R06,D:\NeuroAgent\backend\data\raw\EEGc\S031\S031R06.edf,2555616,64,160.0,122.99,19680,VALID,,False,0.0
S031,R07,D:\NeuroAgent\backend\data\raw\EEGc\S031\S031R07.edf,2555616,64,160.0,122.99,19680,VALID,,False,0.0
S031,R08,D:\NeuroAgent\backend\data\raw\EEGc\S031\S031R08.edf,2555616,64,160.0,122.99,19680,VALID,,False,0.0
S031,R09,D:\NeuroAgent\backend\data\raw\EEGc\S031\S031R09.edf,2555616,64,160.0,122.99,19680,VALID,,False,0.0
S031,R10,D:\NeuroAgent\backend\data\raw\EEGc\S031\S031R10.edf,2555616,64,160.0,122.99,19680,VALID,,False,0.0
S031,R11,D:\NeuroAgent\backend\data\raw\EEGc\S031\S031R11.edf,2555616,64,160.0,122.99,19680,VALID,,False,0.0
S031,R12,D:\NeuroAgent\backend\data\raw\EEGc\S031\S031R12.edf,2555616,64,160.0,122.99,19680,VALID,,False,0.0
S031,R13,D:\NeuroAgent\backend\data\raw\EEGc\S031\S031R13.edf,2555616,64,160.0,122.99,19680,VALID,,False,0.0
S031,R14,D:\NeuroAgent\backend\data\raw\EEGc\S031\S031R14.edf,2555616,64,160.0,122.99,19680,VALID,,False,0.0
S032,R01,D:\NeuroAgent\backend\data\raw\EEGc\S032\S032R01.edf,1275936,64,160.0,60.99,9760,VALID,,False,0.0
S032,R02,D:\NeuroAgent\backend\data\raw\EEGc\S032\S032R02.edf,1275936,64,160.0,60.99,9760,VALID,,False,0.0
S032,R03,D:\NeuroAgent\backend\data\raw\EEGc\S032\S032R03.edf,2596896,64,160.0,124.99,20000,VALID,,False,0.0
S032,R04,D:\NeuroAgent\backend\data\raw\EEGc\S032\S032R04.edf,2596896,64,160.0,124.99,20000,VALID,,False,0.0
S032,R05,D:\NeuroAgent\backend\data\raw\EEGc\S032\S032R05.edf,2596896,64,160.0,124.99,20000,VALID,,False,0.0
S032,R06,D:\NeuroAgent\backend\data\raw\EEGc\S032\S032R06.edf,2596896,64,160.0,124.99,20000,VALID,,False,0.0
S032,R07,D:\NeuroAgent\backend\data\raw\EEGc\S032\S032R07.edf,2596896,64,160.0,124.99,20000,VALID,,False,0.0
S032,R08,D:\NeuroAgent\backend\data\raw\EEGc\S032\S032R08.edf,2596896,64,160.0,124.99,20000,VALID,,False,0.0
S032,R09,D:\NeuroAgent\backend\data\raw\EEGc\S032\S032R09.edf,2596896,64,160.0,124.99,20000,VALID,,False,0.0
S032,R10,D:\NeuroAgent\backend\data\raw\EEGc\S032\S032R10.edf,2596896,64,160.0,124.99,20000,VALID,,False,0.0
S032,R11,D:\NeuroAgent\backend\data\raw\EEGc\S032\S032R11.edf,2596896,64,160.0,124.99,20000,VALID,,False,0.0
S032,R12,D:\NeuroAgent\backend\data\raw\EEGc\S032\S032R12.edf,2596896,64,160.0,124.99,20000,VALID,,False,0.0
S032,R13,D:\NeuroAgent\backend\data\raw\EEGc\S032\S032R13.edf,2596896,64,160.0,124.99,20000,VALID,,False,0.0
S032,R14,D:\NeuroAgent\backend\data\raw\EEGc\S032\S032R14.edf,2596896,64,160.0,124.99,20000,VALID,,False,0.0
S033,R01,D:\NeuroAgent\backend\data\raw\EEGc\S033\S033R01.edf,1275936,64,160.0,60.99,9760,VALID,,False,0.0
S033,R02,D:\NeuroAgent\backend\data\raw\EEGc\S033\S033R02.edf,1275936,64,160.0,60.99,9760,VALID,,False,0.0
S033,R03,D:\NeuroAgent\backend\data\raw\EEGc\S033\S033R03.edf,2555616,64,160.0,122.99,19680,VALID,,False,0.0
S033,R04,D:\NeuroAgent\backend\data\raw\EEGc\S033\S033R04.edf,2555616,64,160.0,122.99,19680,VALID,,False,0.0
S033,R05,D:\NeuroAgent\backend\data\raw\EEGc\S033\S033R05.edf,2555616,64,160.0,122.99,19680,VALID,,False,0.0
S033,R06,D:\NeuroAgent\backend\data\raw\EEGc\S033\S033R06.edf,2555616,64,160.0,122.99,19680,VALID,,False,0.0
S033,R07,D:\NeuroAgent\backend\data\raw\EEGc\S033\S033R07.edf,2555616,64,160.0,122.99,19680,VALID,,False,0.0
S033,R08,D:\NeuroAgent\backend\data\raw\EEGc\S033\S033R08.edf,2555616,64,160.0,122.99,19680,VALID,,False,0.0
S033,R09,D:\NeuroAgent\backend\data\raw\EEGc\S033\S033R09.edf,2555616,64,160.0,122.99,19680,VALID,,False,0.0
S033,R10,D:\NeuroAgent\backend\data\raw\EEGc\S033\S033R10.edf,2555616,64,160.0,122.99,19680,VALID,,False,0.0
S033,R11,D:\NeuroAgent\backend\data\raw\EEGc\S033\S033R11.edf,2555616,64,160.0,122.99,19680,VALID,,False,0.0
S033,R12,D:\NeuroAgent\backend\data\raw\EEGc\S033\S033R12.edf,2555616,64,160.0,122.99,19680,VALID,,False,0.0
S033,R13,D:\NeuroAgent\backend\data\raw\EEGc\S033\S033R13.edf,2555616,64,160.0,122.99,19680,VALID,,False,0.0
S033,R14,D:\NeuroAgent\backend\data\raw\EEGc\S033\S033R14.edf,2555616,64,160.0,122.99,19680,VALID,,False,0.0
S034,R01,D:\NeuroAgent\backend\data\raw\EEGc\S034\S034R01.edf,1275936,64,160.0,60.99,9760,VALID,,False,0.0
S034,R02,D:\NeuroAgent\backend\data\raw\EEGc\S034\S034R02.edf,1275936,64,160.0,60.99,9760,VALID,,False,0.0
S034,R03,D:\NeuroAgent\backend\data\raw\EEGc\S034\S034R03.edf,2555616,64,160.0,122.99,19680,VALID,,False,0.0
S034,R04,D:\NeuroAgent\backend\data\raw\EEGc\S034\S034R04.edf,2576256,64,160.0,123.99,19840,VALID,,False,0.0
S034,R05,D:\NeuroAgent\backend\data\raw\EEGc\S034\S034R05.edf,2555616,64,160.0,122.99,19680,VALID,,False,0.0
S034,R06,D:\NeuroAgent\backend\data\raw\EEGc\S034\S034R06.edf,2555616,64,160.0,122.99,19680,VALID,,False,0.0
S034,R07,D:\NeuroAgent\backend\data\raw\EEGc\S034\S034R07.edf,2555616,64,160.0,122.99,19680,VALID,,False,0.0
S034,R08,D:\NeuroAgent\backend\data\raw\EEGc\S034\S034R08.edf,2555616,64,160.0,122.99,19680,VALID,,False,0.0
S034,R09,D:\NeuroAgent\backend\data\raw\EEGc\S034\S034R09.edf,2555616,64,160.0,122.99,19680,VALID,,False,0.0
S034,R10,D:\NeuroAgent\backend\data\raw\EEGc\S034\S034R10.edf,2555616,64,160.0,122.99,19680,VALID,,False,0.0
S034,R11,D:\NeuroAgent\backend\data\raw\EEGc\S034\S034R11.edf,2555616,64,160.0,122.99,19680,VALID,,False,0.0
S034,R12,D:\NeuroAgent\backend\data\raw\EEGc\S034\S034R12.edf,2555616,64,160.0,122.99,19680,VALID,,False,0.0
S034,R13,D:\NeuroAgent\backend\data\raw\EEGc\S034\S034R13.edf,2555616,64,160.0,122.99,19680,VALID,,False,0.0
S034,R14,D:\NeuroAgent\backend\data\raw\EEGc\S034\S034R14.edf,2555616,64,160.0,122.99,19680,VALID,,False,0.0
S035,R01,D:\NeuroAgent\backend\data\raw\EEGc\S035\S035R01.edf,1275936,64,160.0,60.99,9760,VALID,,False,0.0
S035,R02,D:\NeuroAgent\backend\data\raw\EEGc\S035\S035R02.edf,1275936,64,160.0,60.99,9760,VALID,,False,0.0
S035,R03,D:\NeuroAgent\backend\data\raw\EEGc\S035\S035R03.edf,2596896,64,160.0,124.99,20000,VALID,,False,0.0
S035,R04,D:\NeuroAgent\backend\data\raw\EEGc\S035\S035R04.edf,2596896,64,160.0,124.99,20000,VALID,,False,0.0
S035,R05,D:\NeuroAgent\backend\data\raw\EEGc\S035\S035R05.edf,2596896,64,160.0,124.99,20000,VALID,,False,0.0
S035,R06,D:\NeuroAgent\backend\data\raw\EEGc\S035\S035R06.edf,2596896,64,160.0,124.99,20000,VALID,,False,0.0
S035,R07,D:\NeuroAgent\backend\data\raw\EEGc\S035\S035R07.edf,2596896,64,160.0,124.99,20000,VALID,,False,0.0
S035,R08,D:\NeuroAgent\backend\data\raw\EEGc\S035\S035R08.edf,2596896,64,160.0,124.99,20000,VALID,,False,0.0
S035,R09,D:\NeuroAgent\backend\data\raw\EEGc\S035\S035R09.edf,2596896,64,160.0,124.99,20000,VALID,,False,0.0
S035,R10,D:\NeuroAgent\backend\data\raw\EEGc\S035\S035R10.edf,2596896,64,160.0,124.99,20000,VALID,,False,0.0
S035,R11,D:\NeuroAgent\backend\data\raw\EEGc\S035\S035R11.edf,2596896,64,160.0,124.99,20000,VALID,,False,0.0
S035,R12,D:\NeuroAgent\backend\data\raw\EEGc\S035\S035R12.edf,2596896,64,160.0,124.99,20000,VALID,,False,0.0
S035,R13,D:\NeuroAgent\backend\data\raw\EEGc\S035\S035R13.edf,2596896,64,160.0,124.99,20000,VALID,,False,0.0
S035,R14,D:\NeuroAgent\backend\data\raw\EEGc\S035\S035R14.edf,2596896,64,160.0,124.99,20000,VALID,,False,0.0
S036,R01,D:\NeuroAgent\backend\data\raw\EEGc\S036\S036R01.edf,1275936,64,160.0,60.99,9760,VALID,,False,0.0
S036,R02,D:\NeuroAgent\backend\data\raw\EEGc\S036\S036R02.edf,1275936,64,160.0,60.99,9760,VALID,,False,0.0
S036,R03,D:\NeuroAgent\backend\data\raw\EEGc\S036\S036R03.edf,2555616,64,160.0,122.99,19680,VALID,,False,0.0
S036,R04,D:\NeuroAgent\backend\data\raw\EEGc\S036\S036R04.edf,2555616,64,160.0,122.99,19680,VALID,,False,0.0
S036,R05,D:\NeuroAgent\backend\data\raw\EEGc\S036\S036R05.edf,2555616,64,160.0,122.99,19680,VALID,,False,0.0
S036,R06,D:\NeuroAgent\backend\data\raw\EEGc\S036\S036R06.edf,2555616,64,160.0,122.99,19680,VALID,,False,0.0
S036,R07,D:\NeuroAgent\backend\data\raw\EEGc\S036\S036R07.edf,2555616,64,160.0,122.99,19680,VALID,,False,0.0
S036,R08,D:\NeuroAgent\backend\data\raw\EEGc\S036\S036R08.edf,2555616,64,160.0,122.99,19680,VALID,,False,0.0
S036,R09,D:\NeuroAgent\backend\data\raw\EEGc\S036\S036R09.edf,2555616,64,160.0,122.99,19680,VALID,,False,0.0
S036,R10,D:\NeuroAgent\backend\data\raw\EEGc\S036\S036R10.edf,2555616,64,160.0,122.99,19680,VALID,,False,0.0
S036,R11,D:\NeuroAgent\backend\data\raw\EEGc\S036\S036R11.edf,2555616,64,160.0,122.99,19680,VALID,,False,0.0
S036,R12,D:\NeuroAgent\backend\data\raw\EEGc\S036\S036R12.edf,2555616,64,160.0,122.99,19680,VALID,,False,0.0
S036,R13,D:\NeuroAgent\backend\data\raw\EEGc\S036\S036R13.edf,2555616,64,160.0,122.99,19680,VALID,,False,0.0
S036,R14,D:\NeuroAgent\backend\data\raw\EEGc\S036\S036R14.edf,2555616,64,160.0,122.99,19680,VALID,,False,0.0
S037,R01,D:\NeuroAgent\backend\data\raw\EEGc\S037\S037R01.edf,1275936,64,160.0,60.99,9760,VALID,,False,0.0
S037,R02,D:\NeuroAgent\backend\data\raw\EEGc\S037\S037R02.edf,1275936,64,160.0,60.99,9760,VALID,,False,0.0
S037,R03,D:\NeuroAgent\backend\data\raw\EEGc\S037\S037R03.edf,2555616,64,160.0,122.99,19680,VALID,,False,0.0
S037,R04,D:\NeuroAgent\backend\data\raw\EEGc\S037\S037R04.edf,2576256,64,160.0,123.99,19840,VALID,,False,0.0
S037,R05,D:\NeuroAgent\backend\data\raw\EEGc\S037\S037R05.edf,2555616,64,160.0,122.99,19680,VALID,,False,0.0
S037,R06,D:\NeuroAgent\backend\data\raw\EEGc\S037\S037R06.edf,2555616,64,160.0,122.99,19680,VALID,,False,0.0
S037,R07,D:\NeuroAgent\backend\data\raw\EEGc\S037\S037R07.edf,2555616,64,160.0,122.99,19680,VALID,,False,0.0
S037,R08,D:\NeuroAgent\backend\data\raw\EEGc\S037\S037R08.edf,2555616,64,160.0,122.99,19680,VALID,,False,0.0
S037,R09,D:\NeuroAgent\backend\data\raw\EEGc\S037\S037R09.edf,2555616,64,160.0,122.99,19680,VALID,,False,0.0
S037,R10,D:\NeuroAgent\backend\data\raw\EEGc\S037\S037R10.edf,2555616,64,160.0,122.99,19680,VALID,,False,0.0
S037,R11,D:\NeuroAgent\backend\data\raw\EEGc\S037\S037R11.edf,2555616,64,160.0,122.99,19680,VALID,,False,0.0
S037,R12,D:\NeuroAgent\backend\data\raw\EEGc\S037\S037R12.edf,2555616,64,160.0,122.99,19680,VALID,,False,0.0
S037,R13,D:\NeuroAgent\backend\data\raw\EEGc\S037\S037R13.edf,2555616,64,160.0,122.99,19680,VALID,,False,0.0
S037,R14,D:\NeuroAgent\backend\data\raw\EEGc\S037\S037R14.edf,2555616,64,160.0,122.99,19680,VALID,,False,0.0
S038,R01,D:\NeuroAgent\backend\data\raw\EEGc\S038\S038R01.edf,1275936,64,160.0,60.99,9760,VALID,,False,0.0
S038,R02,D:\NeuroAgent\backend\data\raw\EEGc\S038\S038R02.edf,1275936,64,160.0,60.99,9760,VALID,,False,0.0
S038,R03,D:\NeuroAgent\backend\data\raw\EEGc\S038\S038R03.edf,2555616,64,160.0,122.99,19680,VALID,,False,0.0
S038,R04,D:\NeuroAgent\backend\data\raw\EEGc\S038\S038R04.edf,2555616,64,160.0,122.99,19680,VALID,,False,0.0
S038,R05,D:\NeuroAgent\backend\data\raw\EEGc\S038\S038R05.edf,2555616,64,160.0,122.99,19680,VALID,,False,0.0
S038,R06,D:\NeuroAgent\backend\data\raw\EEGc\S038\S038R06.edf,2555616,64,160.0,122.99,19680,VALID,,False,0.0
S038,R07,D:\NeuroAgent\backend\data\raw\EEGc\S038\S038R07.edf,2555616,64,160.0,122.99,19680,VALID,,False,0.0
S038,R08,D:\NeuroAgent\backend\data\raw\EEGc\S038\S038R08.edf,2555616,64,160.0,122.99,19680,VALID,,False,0.0
S038,R09,D:\NeuroAgent\backend\data\raw\EEGc\S038\S038R09.edf,2555616,64,160.0,122.99,19680,VALID,,False,0.0
S038,R10,D:\NeuroAgent\backend\data\raw\EEGc\S038\S038R10.edf,2555616,64,160.0,122.99,19680,VALID,,False,0.0
S038,R11,D:\NeuroAgent\backend\data\raw\EEGc\S038\S038R11.edf,2555616,64,160.0,122.99,19680,VALID,,False,0.0
S038,R12,D:\NeuroAgent\backend\data\raw\EEGc\S038\S038R12.edf,2555616,64,160.0,122.99,19680,VALID,,False,0.0
S038,R13,D:\NeuroAgent\backend\data\raw\EEGc\S038\S038R13.edf,2555616,64,160.0,122.99,19680,VALID,,False,0.0
S038,R14,D:\NeuroAgent\backend\data\raw\EEGc\S038\S038R14.edf,2555616,64,160.0,122.99,19680,VALID,,False,0.0
S039,R01,D:\NeuroAgent\backend\data\raw\EEGc\S039\S039R01.edf,1275936,64,160.0,60.99,9760,VALID,,False,0.0
S039,R02,D:\NeuroAgent\backend\data\raw\EEGc\S039\S039R02.edf,1275936,64,160.0,60.99,9760,VALID,,False,0.0
S039,R03,D:\NeuroAgent\backend\data\raw\EEGc\S039\S039R03.edf,2555616,64,160.0,122.99,19680,VALID,,False,0.0
S039,R04,D:\NeuroAgent\backend\data\raw\EEGc\S039\S039R04.edf,2555616,64,160.0,122.99,19680,VALID,,False,0.0
S039,R05,D:\NeuroAgent\backend\data\raw\EEGc\S039\S039R05.edf,2555616,64,160.0,122.99,19680,VALID,,False,0.0
S039,R06,D:\NeuroAgent\backend\data\raw\EEGc\S039\S039R06.edf,2555616,64,160.0,122.99,19680,VALID,,False,0.0
S039,R07,D:\NeuroAgent\backend\data\raw\EEGc\S039\S039R07.edf,2555616,64,160.0,122.99,19680,VALID,,False,0.0
S039,R08,D:\NeuroAgent\backend\data\raw\EEGc\S039\S039R08.edf,2555616,64,160.0,122.99,19680,VALID,,False,0.0
S039,R09,D:\NeuroAgent\backend\data\raw\EEGc\S039\S039R09.edf,2555616,64,160.0,122.99,19680,VALID,,False,0.0
S039,R10,D:\NeuroAgent\backend\data\raw\EEGc\S039\S039R10.edf,2555616,64,160.0,122.99,19680,VALID,,False,0.0
S039,R11,D:\NeuroAgent\backend\data\raw\EEGc\S039\S039R11.edf,2555616,64,160.0,122.99,19680,VALID,,False,0.0
S039,R12,D:\NeuroAgent\backend\data\raw\EEGc\S039\S039R12.edf,2555616,64,160.0,122.99,19680,VALID,,False,0.0
S039,R13,D:\NeuroAgent\backend\data\raw\EEGc\S039\S039R13.edf,2555616,64,160.0,122.99,19680,VALID,,False,0.0
S039,R14,D:\NeuroAgent\backend\data\raw\EEGc\S039\S039R14.edf,2555616,64,160.0,122.99,19680,VALID,,False,0.0
S040,R01,D:\NeuroAgent\backend\data\raw\EEGc\S040\S040R01.edf,1275936,64,160.0,60.99,9760,VALID,,False,0.0
S040,R02,D:\NeuroAgent\backend\data\raw\EEGc\S040\S040R02.edf,1275936,64,160.0,60.99,9760,VALID,,False,0.0
S040,R03,D:\NeuroAgent\backend\data\raw\EEGc\S040\S040R03.edf,2555616,64,160.0,122.99,19680,VALID,,False,0.0
S040,R04,D:\NeuroAgent\backend\data\raw\EEGc\S040\S040R04.edf,2555616,64,160.0,122.99,19680,VALID,,False,0.0
S040,R05,D:\NeuroAgent\backend\data\raw\EEGc\S040\S040R05.edf,2555616,64,160.0,122.99,19680,VALID,,False,0.0
S040,R06,D:\NeuroAgent\backend\data\raw\EEGc\S040\S040R06.edf,2555616,64,160.0,122.99,19680,VALID,,False,0.0
S040,R07,D:\NeuroAgent\backend\data\raw\EEGc\S040\S040R07.edf,2555616,64,160.0,122.99,19680,VALID,,False,0.0
S040,R08,D:\NeuroAgent\backend\data\raw\EEGc\S040\S040R08.edf,2555616,64,160.0,122.99,19680,VALID,,False,0.0
S040,R09,D:\NeuroAgent\backend\data\raw\EEGc\S040\S040R09.edf,2555616,64,160.0,122.99,19680,VALID,,False,0.0
S040,R10,D:\NeuroAgent\backend\data\raw\EEGc\S040\S040R10.edf,2555616,64,160.0,122.99,19680,VALID,,False,0.0
S040,R11,D:\NeuroAgent\backend\data\raw\EEGc\S040\S040R11.edf,2555616,64,160.0,122.99,19680,VALID,,False,0.0
S040,R12,D:\NeuroAgent\backend\data\raw\EEGc\S040\S040R12.edf,2555616,64,160.0,122.99,19680,VALID,,False,0.0
S040,R13,D:\NeuroAgent\backend\data\raw\EEGc\S040\S040R13.edf,2555616,64,160.0,122.99,19680,VALID,,False,0.0
S040,R14,D:\NeuroAgent\backend\data\raw\EEGc\S040\S040R14.edf,2555616,64,160.0,122.99,19680,VALID,,False,0.0
S041,R01,D:\NeuroAgent\backend\data\raw\EEGc\S041\S041R01.edf,1275936,64,160.0,60.99,9760,VALID,,False,0.0
S041,R02,D:\NeuroAgent\backend\data\raw\EEGc\S041\S041R02.edf,1275936,64,160.0,60.99,9760,VALID,,False,0.0
S041,R03,D:\NeuroAgent\backend\data\raw\EEGc\S041\S041R03.edf,2555616,64,160.0,122.99,19680,VALID,,False,0.0
S041,R04,D:\NeuroAgent\backend\data\raw\EEGc\S041\S041R04.edf,2576256,64,160.0,123.99,19840,VALID,,False,0.0
S041,R05,D:\NeuroAgent\backend\data\raw\EEGc\S041\S041R05.edf,2555616,64,160.0,122.99,19680,VALID,,False,0.0
S041,R06,D:\NeuroAgent\backend\data\raw\EEGc\S041\S041R06.edf,2555616,64,160.0,122.99,19680,VALID,,False,0.0
S041,R07,D:\NeuroAgent\backend\data\raw\EEGc\S041\S041R07.edf,2555616,64,160.0,122.99,19680,VALID,,False,0.0
S041,R08,D:\NeuroAgent\backend\data\raw\EEGc\S041\S041R08.edf,2555616,64,160.0,122.99,19680,VALID,,False,0.0
S041,R09,D:\NeuroAgent\backend\data\raw\EEGc\S041\S041R09.edf,2555616,64,160.0,122.99,19680,VALID,,False,0.0
S041,R10,D:\NeuroAgent\backend\data\raw\EEGc\S041\S041R10.edf,2576256,64,160.0,123.99,19840,VALID,,False,0.0
S041,R11,D:\NeuroAgent\backend\data\raw\EEGc\S041\S041R11.edf,2555616,64,160.0,122.99,19680,VALID,,False,0.0
S041,R12,D:\NeuroAgent\backend\data\raw\EEGc\S041\S041R12.edf,2576256,64,160.0,123.99,19840,VALID,,False,0.0
S041,R13,D:\NeuroAgent\backend\data\raw\EEGc\S041\S041R13.edf,2555616,64,160.0,122.99,19680,VALID,,False,0.0
S041,R14,D:\NeuroAgent\backend\data\raw\EEGc\S041\S041R14.edf,2576256,64,160.0,123.99,19840,VALID,,False,0.0
S042,R01,D:\NeuroAgent\backend\data\raw\EEGc\S042\S042R01.edf,1275936,64,160.0,60.99,9760,VALID,,False,0.0
S042,R02,D:\NeuroAgent\backend\data\raw\EEGc\S042\S042R02.edf,1275936,64,160.0,60.99,9760,VALID,,False,0.0
S042,R03,D:\NeuroAgent\backend\data\raw\EEGc\S042\S042R03.edf,2555616,64,160.0,122.99,19680,VALID,,False,0.0
S042,R04,D:\NeuroAgent\backend\data\raw\EEGc\S042\S042R04.edf,2555616,64,160.0,122.99,19680,VALID,,False,0.0
S042,R05,D:\NeuroAgent\backend\data\raw\EEGc\S042\S042R05.edf,2555616,64,160.0,122.99,19680,VALID,,False,0.0
S042,R06,D:\NeuroAgent\backend\data\raw\EEGc\S042\S042R06.edf,2555616,64,160.0,122.99,19680,VALID,,False,0.0
S042,R07,D:\NeuroAgent\backend\data\raw\EEGc\S042\S042R07.edf,2555616,64,160.0,122.99,19680,VALID,,False,0.0
S042,R08,D:\NeuroAgent\backend\data\raw\EEGc\S042\S042R08.edf,2555616,64,160.0,122.99,19680,VALID,,False,0.0
S042,R09,D:\NeuroAgent\backend\data\raw\EEGc\S042\S042R09.edf,2555616,64,160.0,122.99,19680,VALID,,False,0.0
S042,R10,D:\NeuroAgent\backend\data\raw\EEGc\S042\S042R10.edf,2555616,64,160.0,122.99,19680,VALID,,False,0.0
S042,R11,D:\NeuroAgent\backend\data\raw\EEGc\S042\S042R11.edf,2555616,64,160.0,122.99,19680,VALID,,False,0.0
S042,R12,D:\NeuroAgent\backend\data\raw\EEGc\S042\S042R12.edf,2555616,64,160.0,122.99,19680,VALID,,False,0.0
S042,R13,D:\NeuroAgent\backend\data\raw\EEGc\S042\S042R13.edf,2555616,64,160.0,122.99,19680,VALID,,False,0.0
S042,R14,D:\NeuroAgent\backend\data\raw\EEGc\S042\S042R14.edf,2555616,64,160.0,122.99,19680,VALID,,False,0.0
S043,R01,D:\NeuroAgent\backend\data\raw\EEGc\S043\S043R01.edf,1275936,64,160.0,60.99,9760,VALID,,False,0.0
S043,R02,D:\NeuroAgent\backend\data\raw\EEGc\S043\S043R02.edf,1275936,64,160.0,60.99,9760,VALID,,False,0.0
S043,R03,D:\NeuroAgent\backend\data\raw\EEGc\S043\S043R03.edf,2555616,64,160.0,122.99,19680,VALID,,False,0.0
S043,R04,D:\NeuroAgent\backend\data\raw\EEGc\S043\S043R04.edf,2555616,64,160.0,122.99,19680,VALID,,False,0.0
S043,R05,D:\NeuroAgent\backend\data\raw\EEGc\S043\S043R05.edf,2555616,64,160.0,122.99,19680,VALID,,False,0.0
S043,R06,D:\NeuroAgent\backend\data\raw\EEGc\S043\S043R06.edf,2555616,64,160.0,122.99,19680,VALID,,False,0.0
S043,R07,D:\NeuroAgent\backend\data\raw\EEGc\S043\S043R07.edf,2555616,64,160.0,122.99,19680,VALID,,False,0.0
S043,R08,D:\NeuroAgent\backend\data\raw\EEGc\S043\S043R08.edf,2555616,64,160.0,122.99,19680,VALID,,False,0.0
S043,R09,D:\NeuroAgent\backend\data\raw\EEGc\S043\S043R09.edf,2555616,64,160.0,122.99,19680,VALID,,False,0.0
S043,R10,D:\NeuroAgent\backend\data\raw\EEGc\S043\S043R10.edf,2555616,64,160.0,122.99,19680,VALID,,False,0.0
S043,R11,D:\NeuroAgent\backend\data\raw\EEGc\S043\S043R11.edf,2555616,64,160.0,122.99,19680,VALID,,False,0.0
S043,R12,D:\NeuroAgent\backend\data\raw\EEGc\S043\S043R12.edf,2555616,64,160.0,122.99,19680,VALID,,False,0.0
S043,R13,D:\NeuroAgent\backend\data\raw\EEGc\S043\S043R13.edf,2555616,64,160.0,122.99,19680,VALID,,False,0.0
S043,R14,D:\NeuroAgent\backend\data\raw\EEGc\S043\S043R14.edf,2555616,64,160.0,122.99,19680,VALID,,False,0.0
S044,R01,D:\NeuroAgent\backend\data\raw\EEGc\S044\S044R01.edf,1275936,64,160.0,60.99,9760,VALID,,False,0.0
S044,R02,D:\NeuroAgent\backend\data\raw\EEGc\S044\S044R02.edf,1275936,64,160.0,60.99,9760,VALID,,False,0.0
S044,R03,D:\NeuroAgent\backend\data\raw\EEGc\S044\S044R03.edf,2555616,64,160.0,122.99,19680,VALID,,False,0.0
S044,R04,D:\NeuroAgent\backend\data\raw\EEGc\S044\S044R04.edf,2555616,64,160.0,122.99,19680,VALID,,False,0.0
S044,R05,D:\NeuroAgent\backend\data\raw\EEGc\S044\S044R05.edf,2555616,64,160.0,122.99,19680,VALID,,False,0.0
S044,R06,D:\NeuroAgent\backend\data\raw\EEGc\S044\S044R06.edf,2555616,64,160.0,122.99,19680,VALID,,False,0.0
S044,R07,D:\NeuroAgent\backend\data\raw\EEGc\S044\S044R07.edf,2555616,64,160.0,122.99,19680,VALID,,False,0.0
S044,R08,D:\NeuroAgent\backend\data\raw\EEGc\S044\S044R08.edf,2555616,64,160.0,122.99,19680,VALID,,False,0.0
S044,R09,D:\NeuroAgent\backend\data\raw\EEGc\S044\S044R09.edf,2555616,64,160.0,122.99,19680,VALID,,False,0.0
S044,R10,D:\NeuroAgent\backend\data\raw\EEGc\S044\S044R10.edf,2555616,64,160.0,122.99,19680,VALID,,False,0.0
S044,R11,D:\NeuroAgent\backend\data\raw\EEGc\S044\S044R11.edf,2555616,64,160.0,122.99,19680,VALID,,False,0.0
S044,R12,D:\NeuroAgent\backend\data\raw\EEGc\S044\S044R12.edf,2555616,64,160.0,122.99,19680,VALID,,False,0.0
S044,R13,D:\NeuroAgent\backend\data\raw\EEGc\S044\S044R13.edf,2555616,64,160.0,122.99,19680,VALID,,False,0.0
S044,R14,D:\NeuroAgent\backend\data\raw\EEGc\S044\S044R14.edf,2555616,64,160.0,122.99,19680,VALID,,False,0.0
S045,R01,D:\NeuroAgent\backend\data\raw\EEGc\S045\S045R01.edf,1275936,64,160.0,60.99,9760,VALID,,False,0.0
S045,R02,D:\NeuroAgent\backend\data\raw\EEGc\S045\S045R02.edf,1275936,64,160.0,60.99,9760,VALID,,False,0.0
S045,R03,D:\NeuroAgent\backend\data\raw\EEGc\S045\S045R03.edf,2555616,64,160.0,122.99,19680,VALID,,False,0.0
S045,R04,D:\NeuroAgent\backend\data\raw\EEGc\S045\S045R04.edf,2555616,64,160.0,122.99,19680,VALID,,False,0.0
S045,R05,D:\NeuroAgent\backend\data\raw\EEGc\S045\S045R05.edf,2555616,64,160.0,122.99,19680,VALID,,False,0.0
S045,R06,D:\NeuroAgent\backend\data\raw\EEGc\S045\S045R06.edf,2555616,64,160.0,122.99,19680,VALID,,False,0.0
S045,R07,D:\NeuroAgent\backend\data\raw\EEGc\S045\S045R07.edf,2555616,64,160.0,122.99,19680,VALID,,False,0.0
S045,R08,D:\NeuroAgent\backend\data\raw\EEGc\S045\S045R08.edf,2555616,64,160.0,122.99,19680,VALID,,False,0.0
S045,R09,D:\NeuroAgent\backend\data\raw\EEGc\S045\S045R09.edf,2555616,64,160.0,122.99,19680,VALID,,False,0.0
S045,R10,D:\NeuroAgent\backend\data\raw\EEGc\S045\S045R10.edf,2555616,64,160.0,122.99,19680,VALID,,False,0.0
S045,R11,D:\NeuroAgent\backend\data\raw\EEGc\S045\S045R11.edf,2555616,64,160.0,122.99,19680,VALID,,False,0.0
S045,R12,D:\NeuroAgent\backend\data\raw\EEGc\S045\S045R12.edf,2555616,64,160.0,122.99,19680,VALID,,False,0.0
S045,R13,D:\NeuroAgent\backend\data\raw\EEGc\S045\S045R13.edf,2555616,64,160.0,122.99,19680,VALID,,False,0.0
S045,R14,D:\NeuroAgent\backend\data\raw\EEGc\S045\S045R14.edf,2555616,64,160.0,122.99,19680,VALID,,False,0.0
S046,R01,D:\NeuroAgent\backend\data\raw\EEGc\S046\S046R01.edf,1275936,64,160.0,60.99,9760,VALID,,False,0.0
S046,R02,D:\NeuroAgent\backend\data\raw\EEGc\S046\S046R02.edf,1275936,64,160.0,60.99,9760,VALID,,False,0.0
S046,R03,D:\NeuroAgent\backend\data\raw\EEGc\S046\S046R03.edf,2596896,64,160.0,124.99,20000,VALID,,False,0.0
S046,R04,D:\NeuroAgent\backend\data\raw\EEGc\S046\S046R04.edf,2596896,64,160.0,124.99,20000,VALID,,False,0.0
S046,R05,D:\NeuroAgent\backend\data\raw\EEGc\S046\S046R05.edf,2596896,64,160.0,124.99,20000,VALID,,False,0.0
S046,R06,D:\NeuroAgent\backend\data\raw\EEGc\S046\S046R06.edf,2596896,64,160.0,124.99,20000,VALID,,False,0.0
S046,R07,D:\NeuroAgent\backend\data\raw\EEGc\S046\S046R07.edf,2596896,64,160.0,124.99,20000,VALID,,False,0.0
S046,R08,D:\NeuroAgent\backend\data\raw\EEGc\S046\S046R08.edf,2596896,64,160.0,124.99,20000,VALID,,False,0.0
S046,R09,D:\NeuroAgent\backend\data\raw\EEGc\S046\S046R09.edf,2596896,64,160.0,124.99,20000,VALID,,False,0.0
S046,R10,D:\NeuroAgent\backend\data\raw\EEGc\S046\S046R10.edf,2596896,64,160.0,124.99,20000,VALID,,False,0.0
S046,R11,D:\NeuroAgent\backend\data\raw\EEGc\S046\S046R11.edf,2596896,64,160.0,124.99,20000,VALID,,False,0.0
S046,R12,D:\NeuroAgent\backend\data\raw\EEGc\S046\S046R12.edf,2596896,64,160.0,124.99,20000,VALID,,False,0.0
S046,R13,D:\NeuroAgent\backend\data\raw\EEGc\S046\S046R13.edf,2596896,64,160.0,124.99,20000,VALID,,False,0.0
S046,R14,D:\NeuroAgent\backend\data\raw\EEGc\S046\S046R14.edf,2596896,64,160.0,124.99,20000,VALID,,False,0.0
S047,R01,D:\NeuroAgent\backend\data\raw\EEGc\S047\S047R01.edf,1275936,64,160.0,60.99,9760,VALID,,False,0.0
S047,R02,D:\NeuroAgent\backend\data\raw\EEGc\S047\S047R02.edf,1275936,64,160.0,60.99,9760,VALID,,False,0.0
S047,R03,D:\NeuroAgent\backend\data\raw\EEGc\S047\S047R03.edf,2555616,64,160.0,122.99,19680,VALID,,False,0.0
S047,R04,D:\NeuroAgent\backend\data\raw\EEGc\S047\S047R04.edf,2555616,64,160.0,122.99,19680,VALID,,False,0.0
S047,R05,D:\NeuroAgent\backend\data\raw\EEGc\S047\S047R05.edf,2555616,64,160.0,122.99,19680,VALID,,False,0.0
S047,R06,D:\NeuroAgent\backend\data\raw\EEGc\S047\S047R06.edf,2555616,64,160.0,122.99,19680,VALID,,False,0.0
S047,R07,D:\NeuroAgent\backend\data\raw\EEGc\S047\S047R07.edf,2555616,64,160.0,122.99,19680,VALID,,False,0.0
S047,R08,D:\NeuroAgent\backend\data\raw\EEGc\S047\S047R08.edf,2555616,64,160.0,122.99,19680,VALID,,False,0.0
S047,R09,D:\NeuroAgent\backend\data\raw\EEGc\S047\S047R09.edf,2555616,64,160.0,122.99,19680,VALID,,False,0.0
S047,R10,D:\NeuroAgent\backend\data\raw\EEGc\S047\S047R10.edf,2555616,64,160.0,122.99,19680,VALID,,False,0.0
S047,R11,D:\NeuroAgent\backend\data\raw\EEGc\S047\S047R11.edf,2555616,64,160.0,122.99,19680,VALID,,False,0.0
S047,R12,D:\NeuroAgent\backend\data\raw\EEGc\S047\S047R12.edf,2555616,64,160.0,122.99,19680,VALID,,False,0.0
S047,R13,D:\NeuroAgent\backend\data\raw\EEGc\S047\S047R13.edf,2555616,64,160.0,122.99,19680,VALID,,False,0.0
S047,R14,D:\NeuroAgent\backend\data\raw\EEGc\S047\S047R14.edf,2555616,64,160.0,122.99,19680,VALID,,False,0.0
S048,R01,D:\NeuroAgent\backend\data\raw\EEGc\S048\S048R01.edf,1275936,64,160.0,60.99,9760,VALID,,False,0.0
S048,R02,D:\NeuroAgent\backend\data\raw\EEGc\S048\S048R02.edf,1275936,64,160.0,60.99,9760,VALID,,False,0.0
S048,R03,D:\NeuroAgent\backend\data\raw\EEGc\S048\S048R03.edf,2555616,64,160.0,122.99,19680,VALID,,False,0.0
S048,R04,D:\NeuroAgent\backend\data\raw\EEGc\S048\S048R04.edf,2555616,64,160.0,122.99,19680,VALID,,False,0.0
S048,R05,D:\NeuroAgent\backend\data\raw\EEGc\S048\S048R05.edf,2555616,64,160.0,122.99,19680,VALID,,False,0.0
S048,R06,D:\NeuroAgent\backend\data\raw\EEGc\S048\S048R06.edf,2555616,64,160.0,122.99,19680,VALID,,False,0.0
S048,R07,D:\NeuroAgent\backend\data\raw\EEGc\S048\S048R07.edf,2555616,64,160.0,122.99,19680,VALID,,False,0.0
S048,R08,D:\NeuroAgent\backend\data\raw\EEGc\S048\S048R08.edf,2555616,64,160.0,122.99,19680,VALID,,False,0.0
S048,R09,D:\NeuroAgent\backend\data\raw\EEGc\S048\S048R09.edf,2555616,64,160.0,122.99,19680,VALID,,False,0.0
S048,R10,D:\NeuroAgent\backend\data\raw\EEGc\S048\S048R10.edf,2555616,64,160.0,122.99,19680,VALID,,False,0.0
S048,R11,D:\NeuroAgent\backend\data\raw\EEGc\S048\S048R11.edf,2555616,64,160.0,122.99,19680,VALID,,False,0.0
S048,R12,D:\NeuroAgent\backend\data\raw\EEGc\S048\S048R12.edf,2555616,64,160.0,122.99,19680,VALID,,False,0.0
S048,R13,D:\NeuroAgent\backend\data\raw\EEGc\S048\S048R13.edf,2555616,64,160.0,122.99,19680,VALID,,False,0.0
S048,R14,D:\NeuroAgent\backend\data\raw\EEGc\S048\S048R14.edf,2555616,64,160.0,122.99,19680,VALID,,False,0.0
S049,R01,D:\NeuroAgent\backend\data\raw\EEGc\S049\S049R01.edf,1275936,64,160.0,60.99,9760,VALID,,False,0.0
S049,R02,D:\NeuroAgent\backend\data\raw\EEGc\S049\S049R02.edf,1275936,64,160.0,60.99,9760,VALID,,False,0.0
S049,R03,D:\NeuroAgent\backend\data\raw\EEGc\S049\S049R03.edf,2555616,64,160.0,122.99,19680,VALID,,False,0.0
S049,R04,D:\NeuroAgent\backend\data\raw\EEGc\S049\S049R04.edf,2555616,64,160.0,122.99,19680,VALID,,False,0.0
S049,R05,D:\NeuroAgent\backend\data\raw\EEGc\S049\S049R05.edf,2555616,64,160.0,122.99,19680,VALID,,False,0.0
S049,R06,D:\NeuroAgent\backend\data\raw\EEGc\S049\S049R06.edf,2555616,64,160.0,122.99,19680,VALID,,False,0.0
S049,R07,D:\NeuroAgent\backend\data\raw\EEGc\S049\S049R07.edf,2555616,64,160.0,122.99,19680,VALID,,False,0.0
S049,R08,D:\NeuroAgent\backend\data\raw\EEGc\S049\S049R08.edf,2555616,64,160.0,122.99,19680,VALID,,False,0.0
S049,R09,D:\NeuroAgent\backend\data\raw\EEGc\S049\S049R09.edf,2555616,64,160.0,122.99,19680,VALID,,False,0.0
S049,R10,D:\NeuroAgent\backend\data\raw\EEGc\S049\S049R10.edf,2555616,64,160.0,122.99,19680,VALID,,False,0.0
S049,R11,D:\NeuroAgent\backend\data\raw\EEGc\S049\S049R11.edf,2555616,64,160.0,122.99,19680,VALID,,False,0.0
S049,R12,D:\NeuroAgent\backend\data\raw\EEGc\S049\S049R12.edf,2555616,64,160.0,122.99,19680,VALID,,False,0.0
S049,R13,D:\NeuroAgent\backend\data\raw\EEGc\S049\S049R13.edf,2555616,64,160.0,122.99,19680,VALID,,False,0.0
S049,R14,D:\NeuroAgent\backend\data\raw\EEGc\S049\S049R14.edf,2555616,64,160.0,122.99,19680,VALID,,False,0.0
